Country Name,GDP per capita (current US$)
Aruba,29342.1007300268
Africa Eastern and Southern,1622.39171959406
Afghanistan,363.674087113049
Africa Western and Central,1790.34880033979
Angola,2998.50115810921
Albania,6802.80451885113
Andorra,41992.7933583772
Arab World,7655.84840197887
United Arab Emirates,53757.8632508308
Argentina,13686.0086737317
Armenia,7014.20659172274
American Samoa,15743.3107582991
Antigua and Barbuda,18745.1735087796
Australia,64491.4298860631
Austria,52131.4466586387
Azerbaijan,7736.70123206975
Burundi,238.44187565548
Belgium,49582.8253649187
Benin,1303.22201358944
Burkina Faso,832.884265674075
Bangladesh,2688.30395035828
Bulgaria,13772.476794451
Bahrain,30152.0346838601
"Bahamas, The",31458.300811739
Bosnia and Herzegovina,7585.37500171521
Belarus,7904.85624285517
Belize,6968.36158480889
Bermuda,118845.621104325
Bolivia,3523.27373305196
Brazil,8917.67389796927
Barbados,20018.5151513054
Brunei Darussalam,37152.4662378669
Bhutan,3266.36277371286
Botswana,7737.65468112589
Central African Republic,427.058096252078
Canada,54966.4888361088
Central Europe and the Baltics,19337.8890310738
Switzerland,92101.4697414382
Channel Islands,67960.7269955768
Chile,15355.5064965406
China,12720.2156397612
Cote d'Ivoire,2486.41219393777
Cameroon,1588.47872338696
"Congo, Dem. Rep.",586.464288888955
"Congo, Rep.",2447.98898873051
Colombia,6630.28272608054
Comoros,1484.8924647255
Cabo Verde,3902.58904940059
Costa Rica,13198.8217168097
Caribbean small states,12382.3753760863
Cuba,9499.59020230432
Curacao,17717.5964802588
Cayman Islands,88475.6008787475
Cyprus,31283.505859375
Czechia,27638.3732756288
Germany,48432.4558732596
Djibouti,3136.11296031934
Dominica,8414.53659276775
Denmark,66983.1320017138
Dominican Republic,10120.5511632969
Algeria,4273.92218311515
East Asia & Pacific (excluding high income),9952.18812123202
Early-demographic dividend,4069.17601218906
East Asia & Pacific,12906.694013545
Europe & Central Asia (excluding high income),10376.7802480968
Europe & Central Asia,27363.874640104
Ecuador,6391.28248430643
"Egypt, Arab Rep.",4295.40749561014
Euro area,40755.0473759676
Eritrea,643.790042311239
Spain,29350.1685214481
Estonia,28332.6290917984
Ethiopia,1027.58591828225
European Union,37149.6085917605
Fragile and conflict affected situations,1857.01159963759
Finland,50536.6244670541
Fiji,5316.65838506043
France,40963.837337041
Faroe Islands,69010.1662014429
"Micronesia, Fed. Sts.",3741.05776874774
Gabon,8820.34733810024
United Kingdom,45850.4261222629
Georgia,6627.70698037798
Ghana,2175.85976967011
Guinea,1531.65647549394
"Gambia, The",840.010193356007
Guinea-Bissau,775.828965734682
Equatorial Guinea,7053.46708464771
Greece,20732.0522190537
Grenada,10016.2086862449
Greenland,57116.4138715706
Guatemala,5473.20874104102
Guam,35904.8635462723
Guyana,18989.7901988355
High income,49430.3293645734
"Hong Kong SAR, China",48983.623801213
Honduras,3040.17307960182
Heavily indebted poor countries (HIPC),1097.0516591685
Croatia,18413.2346820557
Haiti,1748.25713234727
Hungary,18463.2085249699
IBRD only,7658.32088697012
IDA & IBRD total,5988.57279695996
IDA total,1528.9727987133
IDA blend,1930.61281858042
Indonesia,4787.99930765134
IDA only,1330.8545441218
Isle of Man,79530.6054842568
India,2388.62119776762
Ireland,104038.946076296
"Iran, Islamic Rep.",4387.82571517872
Iraq,5937.19546600271
Iceland,72902.9799538499
Israel,54659.753964319
Italy,34157.990122464
Jamaica,6047.21646430936
Jordan,4204.50563967692
Japan,33815.3172733799
Kazakhstan,11243.6712256386
Kenya,2099.30193826696
Kyrgyz Republic,1606.66807508711
Cambodia,1786.56081858524
Kiribati,1701.97012305233
St. Kitts and Nevis,20176.7475766259
"Korea, Rep.",32254.6247153456
Kuwait,43233.4890938984
Latin America & Caribbean (excluding high income),8884.68273481444
Lao PDR,2088.37718210612
Lebanon,4136.14657516013
Liberia,754.532876859838
Libya,6716.09598462328
St. Lucia,11481.496719925
Latin America & Caribbean,9474.46768764657
Least developed countries: UN classification,1259.14120042621
Low income,741.244363322251
Liechtenstein,184083.321373984
Sri Lanka,3354.38340757565
Lower middle income,2542.19993808198
Low & middle income,5793.34394875075
Lesotho,1107.39529790821
Late-demographic dividend,12074.4770230096
Lithuania,24826.7910371972
Luxembourg,126426.089934322
Latvia,21851.1052012696
"Macao SAR, China",31617.5018997155
St. Martin (French part),21920.0180458218
Morocco,3527.94189453125
Monaco,234317.084818276
Moldova,5562.61362534668
Madagascar,505.035527643123
Maldives,11817.5239328803
Middle East & North Africa,8949.39677899439
Mexico,11091.3054302538
Marshall Islands,6727.79956217374
Middle income,6388.15816925793
North Macedonia,6591.4712922903
Mali,833.297255208972
Malta,33940.9495961291
Myanmar,1095.70178954585
Middle East & North Africa (excluding high income),3952.11139122738
Montenegro,9893.51590693197
Mongolia,4946.75481125723
Northern Mariana Islands,17302.9221368504
Mozambique,541.454425499229
Mauritania,2190.70020547034
Mauritius,10216.2947440415
Malawi,645.158692067185
Malaysia,11971.9275991535
North America,74164.6530205831
Namibia,4911.32763537761
New Caledonia,36668.4253519191
Niger,533.028763819513
Nigeria,2184.42149316828
Nicaragua,2255.42598603695
Netherlands,55985.4034255707
Norway,106148.778627718
Nepal,1336.54604726414
Nauru,11913.6573290384
New Zealand,48249.2640150011
OECD members,43260.7027011599
Oman,25056.7948608378
Other small states,15990.6473634936
Pakistan,1596.66266149236
Panama,17357.6286293985
Peru,7125.8292350929
Philippines,3498.50981598253
Palau,12083.8881491345
Papua New Guinea,3020.26964580164
Poland,18321.2808899533
Pre-demographic dividend,1553.28051193405
Puerto Rico,35208.6371888414
Portugal,24274.5165823077
Paraguay,6153.05567679103
West Bank and Gaza,3789.32796575153
Pacific island small states,3874.93417803281
Post-demographic dividend,50307.6693628282
French Polynesia,19999.0767593202
Qatar,88046.3204155891
Romania,15892.1185256988
Russian Federation,15345.0966796875
Rwanda,966.327110112571
South Asia,2272.4547387962
Saudi Arabia,30436.2783034025
Sudan,1102.146484375
Senegal,1598.73599053078
Singapore,82807.6490834764
Solomon Islands,2203.18965958102
Sierra Leone,461.361138294258
El Salvador,5127.32166823012
San Marino,54982.4517157142
Somalia,461.775850005151
Serbia,9393.62890629911
Sub-Saharan Africa (excluding high income),1689.21565485367
South Sudan,1071.77776475545
Sub-Saharan Africa,1690.38756577046
Small states,14626.5057055616
Sao Tome and Principe,2404.25869314484
Suriname,5858.2860595119
Slovak Republic,21258.1141354655
Slovenia,29457.40284439
Sweden,55873.2208108977
Eswatini,4039.51803604474
Sint Maarten (Dutch part),36220.3380075608
Seychelles,15874.5400675106
Syrian Arab Republic,537.211361424552
Turks and Caicos Islands,24917.595805527
Chad,716.804381236651
East Asia & Pacific (IDA & IBRD countries),10062.9224412061
Europe & Central Asia (IDA & IBRD countries),11324.5106744239
Togo,918.376755793481
Thailand,6908.80211929543
Tajikistan,1054.18948358818
Turkmenistan,7297.18004219407
Latin America & the Caribbean (IDA & IBRD countries),9237.90374865276
Timor-Leste,2358.4090544008
Middle East & North Africa (IDA & IBRD countries),3954.09404072478
Tonga,4425.9705910742
South Asia (IDA & IBRD),2272.4547387962
Sub-Saharan Africa (IDA & IBRD countries),1690.38756577047
Trinidad and Tobago,18222.2603252218
Tunisia,3776.66777934015
Turkiye,10616.0610448133
Tuvalu,5334.98860491543
Tanzania,1192.40380859375
Uganda,964.224385224431
Ukraine,4533.9755859375
Upper middle income,10794.9318569097
Uruguay,20795.0423535553
United States,76398.5917422054
Uzbekistan,2255.15115489364
St. Vincent and the Grenadines,9125.31749650188
"Venezuela, RB",15975.7293753361
Virgin Islands (U.S.),39552.1685953523
Vietnam,4163.5143004093
Vanuatu,3010.29217286159
World,12647.480789067
Samoa,3743.20567929219
Kosovo,5351.43954231081
"Yemen, Rep.",701.714877767948
South Africa,6776.48007742932
Zambia,1487.90776431025
Zimbabwe,1266.99603069032
