Country Name,Strength of legal rights index (0=weak to 12=strong)
Africa Eastern and Southern,4.53846153846154
Afghanistan,10.0
Africa Western and Central,5.86363636363636
Angola,1.0
Albania,8.0
Arab World,3.09090909090909
United Arab Emirates,6.0
Argentina,2.0
Armenia,6.0
Antigua and Barbuda,5.0
Australia,11.0
Austria,4.0
Azerbaijan,12.0
Burundi,2.0
Belgium,8.0
Benin,6.0
Burkina Faso,6.0
Bangladesh,5.0
Bulgaria,8.0
Bahrain,3.0
"Bahamas, The",6.0
Bosnia and Herzegovina,7.0
Belarus,3.0
Belize,4.0
Bolivia,0.0
Brazil,2.0
Barbados,6.0
Brunei Darussalam,12.0
Bhutan,4.0
Botswana,5.0
Central African Republic,6.0
Canada,9.0
Central Europe and the Baltics,7.0
Switzerland,6.0
Chile,4.0
China,3.0
Cote d'Ivoire,6.0
Cameroon,6.0
"Congo, Dem. Rep.",6.0
"Congo, Rep.",6.0
Colombia,11.0
Comoros,6.0
Cabo Verde,1.0
Costa Rica,10.0
Caribbean small states,5.30769230769231
Cyprus,7.0
Czechia,7.0
Germany,6.0
Djibouti,8.0
Dominica,6.0
Denmark,8.0
Dominican Republic,1.0
Algeria,2.0
East Asia & Pacific (excluding high income),7.0
Early-demographic dividend,5.29508196721311
East Asia & Pacific,7.24137931034483
Europe & Central Asia (excluding high income),8.26315789473684
Europe & Central Asia,6.5
Ecuador,1.0
"Egypt, Arab Rep.",5.0
Euro area,4.84210526315789
Eritrea,0.0
Spain,5.0
Estonia,7.0
Ethiopia,3.0
European Union,5.62962962962963
Fragile and conflict affected situations,4.72222222222222
Finland,6.0
Fiji,5.0
France,4.0
"Micronesia, Fed. Sts.",10.0
Gabon,6.0
United Kingdom,7.0
Georgia,9.0
Ghana,6.0
Guinea,6.0
"Gambia, The",6.0
Guinea-Bissau,6.0
Equatorial Guinea,6.0
Greece,2.0
Grenada,6.0
Guatemala,9.0
Guyana,3.0
High income,5.6
"Hong Kong SAR, China",8.0
Honduras,8.0
Heavily indebted poor countries (HIPC),5.07692307692308
Croatia,5.0
Haiti,2.0
Hungary,9.0
IBRD only,5.67164179104478
IDA & IBRD total,5.68085106382979
IDA total,5.68918918918919
IDA blend,5.53333333333333
Indonesia,6.0
IDA only,5.72881355932203
India,9.0
Ireland,7.0
"Iran, Islamic Rep.",2.0
Iraq,0.0
Iceland,4.0
Israel,6.0
Italy,2.0
Jamaica,9.0
Jordan,11.0
Japan,5.0
Kazakhstan,8.0
Kenya,11.0
Kyrgyz Republic,9.0
Cambodia,10.0
Kiribati,4.0
St. Kitts and Nevis,5.0
"Korea, Rep.",5.0
Kuwait,1.0
Latin America & Caribbean (excluding high income),5.09090909090909
Lao PDR,6.0
Lebanon,2.0
Liberia,10.0
Libya,0.0
St. Lucia,5.0
Latin America & Caribbean,5.24242424242424
Least developed countries: UN classification,5.06666666666667
Low income,4.8
Liechtenstein,3.0
Sri Lanka,2.0
Lower middle income,5.64814814814815
Low & middle income,5.76153846153846
Lesotho,5.0
Late-demographic dividend,6.41666666666667
Lithuania,6.0
Luxembourg,3.0
Latvia,9.0
Morocco,2.0
Moldova,8.0
Madagascar,2.0
Maldives,2.0
Middle East & North Africa,3.19047619047619
Mexico,10.0
Marshall Islands,10.0
Middle income,5.99047619047619
North Macedonia,9.0
Mali,6.0
Malta,2.0
Myanmar,2.0
Middle East & North Africa (excluding high income),3.38461538461538
Montenegro,12.0
Mongolia,9.0
Mozambique,1.0
Mauritania,2.0
Mauritius,6.0
Malawi,11.0
Malaysia,7.0
North America,10.0
Namibia,5.0
Niger,6.0
Nigeria,9.0
Nicaragua,2.0
Netherlands,2.0
Norway,5.0
Nepal,10.0
New Zealand,12.0
OECD members,6.42105263157895
Oman,1.0
Other small states,4.65384615384615
Pakistan,2.0
Panama,8.0
Peru,7.0
Philippines,1.0
Palau,10.0
Papua New Guinea,9.0
Poland,7.0
Pre-demographic dividend,5.18918918918919
Puerto Rico,12.0
Portugal,2.0
Paraguay,1.0
West Bank and Gaza,8.0
Pacific island small states,8.77777777777778
Post-demographic dividend,5.97222222222222
Qatar,1.0
Romania,9.0
Russian Federation,9.0
Rwanda,11.0
South Asia,5.5
Saudi Arabia,3.0
Sudan,3.0
Senegal,6.0
Singapore,8.0
Solomon Islands,10.0
Sierra Leone,5.0
El Salvador,9.0
San Marino,1.0
Somalia,0.0
Serbia,6.0
Sub-Saharan Africa (excluding high income),5.21276595744681
South Sudan,2.0
Sub-Saharan Africa,5.14583333333333
Small states,5.60416666666667
Sao Tome and Principe,0.0
Suriname,2.0
Slovak Republic,7.0
Slovenia,3.0
Sweden,7.0
Eswatini,4.0
Seychelles,2.0
Syrian Arab Republic,1.0
Chad,6.0
East Asia & Pacific (IDA & IBRD countries),7.0
Europe & Central Asia (IDA & IBRD countries),8.09090909090909
Togo,6.0
Thailand,7.0
Tajikistan,11.0
Latin America & the Caribbean (IDA & IBRD countries),4.96666666666667
Timor-Leste,0.0
Middle East & North Africa (IDA & IBRD countries),3.0
Tonga,10.0
South Asia (IDA & IBRD),5.5
Sub-Saharan Africa (IDA & IBRD countries),5.14583333333333
Trinidad and Tobago,7.0
Tunisia,3.0
Turkiye,7.0
Tanzania,5.0
Uganda,5.0
Ukraine,8.0
Upper middle income,6.35294117647059
Uruguay,4.0
United States,11.0
Uzbekistan,6.0
St. Vincent and the Grenadines,5.0
"Venezuela, RB",1.0
Vietnam,8.0
Vanuatu,11.0
World,5.68586387434555
Samoa,9.0
Kosovo,11.0
"Yemen, Rep.",0.0
South Africa,5.0
Zambia,11.0
Zimbabwe,6.0
